PathwayName	PathwayID	GeneName	GeneID
Complement system in neuronal development and plasticity	WP5090	CD55	1604
Complement system in neuronal development and plasticity	WP5090	TGFB2	7042
Complement system in neuronal development and plasticity	WP5090	C4A	110384692
Complement system in neuronal development and plasticity	WP5090	ATP8B3	148229
Complement system in neuronal development and plasticity	WP5090	MBL1P	8512
Complement system in neuronal development and plasticity	WP5090	C7	730
Complement system in neuronal development and plasticity	WP5090	COLEC10	10584
Complement system in neuronal development and plasticity	WP5090	ITGAX	3687
Complement system in neuronal development and plasticity	WP5090	PRKCZ	5590
Complement system in neuronal development and plasticity	WP5090	CD46	4179
Complement system in neuronal development and plasticity	WP5090	PARD6G	84552
Complement system in neuronal development and plasticity	WP5090	MARK3	4140
Complement system in neuronal development and plasticity	WP5090	ATP11C	286410
Complement system in neuronal development and plasticity	WP5090	FCN2	2220
Complement system in neuronal development and plasticity	WP5090	C1QA	712
Complement system in neuronal development and plasticity	WP5090	PRKCI	5584
Complement system in neuronal development and plasticity	WP5090	DIABLO	56616
Complement system in neuronal development and plasticity	WP5090	IFNG	3458
Complement system in neuronal development and plasticity	WP5090	CRB1	23418
Complement system in neuronal development and plasticity	WP5090	BAK1	578
Complement system in neuronal development and plasticity	WP5090	FAS	355
Complement system in neuronal development and plasticity	WP5090	MBL2	4153
Complement system in neuronal development and plasticity	WP5090	TGFBI	7045
Complement system in neuronal development and plasticity	WP5090	PROS1	5627
Complement system in neuronal development and plasticity	WP5090	DLGAP5	9787
Complement system in neuronal development and plasticity	WP5090	C1QB	713
Complement system in neuronal development and plasticity	WP5090	C9	735
Complement system in neuronal development and plasticity	WP5090	FCN3	8547
Complement system in neuronal development and plasticity	WP5090	ITGB2	3689
Complement system in neuronal development and plasticity	WP5090	SERPING1	710
Complement system in neuronal development and plasticity	WP5090	C5	727
Complement system in neuronal development and plasticity	WP5090	CFP	5199
Complement system in neuronal development and plasticity	WP5090	ATP11A	23250
Complement system in neuronal development and plasticity	WP5090	C1S	716
Complement system in neuronal development and plasticity	WP5090	CX3CL1	6376
Complement system in neuronal development and plasticity	WP5090	MARK2	2011
Complement system in neuronal development and plasticity	WP5090	C3	718
Complement system in neuronal development and plasticity	WP5090	PARD6A	50855
Complement system in neuronal development and plasticity	WP5090	XIAP	331
Complement system in neuronal development and plasticity	WP5090	MPP5	64398
Complement system in neuronal development and plasticity	WP5090	COLEC11	78989
Complement system in neuronal development and plasticity	WP5090	PATJ	10207
Complement system in neuronal development and plasticity	WP5090	COLEC12	81035
Complement system in neuronal development and plasticity	WP5090	MASP2	10747
Complement system in neuronal development and plasticity	WP5090	CASP7	840
Complement system in neuronal development and plasticity	WP5090	SUSD4	55061
Complement system in neuronal development and plasticity	WP5090	CAP1	10487
Complement system in neuronal development and plasticity	WP5090	LLGL2	3993
Complement system in neuronal development and plasticity	WP5090	CASP3	836
Complement system in neuronal development and plasticity	WP5090	PARD6B	84612
Complement system in neuronal development and plasticity	WP5090	C5AR2	27202
Complement system in neuronal development and plasticity	WP5090	C4BPA	722
Complement system in neuronal development and plasticity	WP5090	ITGAM	3684
Complement system in neuronal development and plasticity	WP5090	C4B	721
Complement system in neuronal development and plasticity	WP5090	ATP10A	57194
Complement system in neuronal development and plasticity	WP5090	CR2	1380
Complement system in neuronal development and plasticity	WP5090	TYRO3	7301
Complement system in neuronal development and plasticity	WP5090	ITGB3	3690
Complement system in neuronal development and plasticity	WP5090	CD59	966
Complement system in neuronal development and plasticity	WP5090	CFI	3426
Complement system in neuronal development and plasticity	WP5090	C2	717
Complement system in neuronal development and plasticity	WP5090	FASLG	356
Complement system in neuronal development and plasticity	WP5090	PARD3	56288
Complement system in neuronal development and plasticity	WP5090	CASP10	843
Complement system in neuronal development and plasticity	WP5090	BAX	581
Complement system in neuronal development and plasticity	WP5090	DEDD	9191
Complement system in neuronal development and plasticity	WP5090	C1QC	714
Complement system in neuronal development and plasticity	WP5090	CX3CR1	1524
Complement system in neuronal development and plasticity	WP5090	BID	637
Complement system in neuronal development and plasticity	WP5090	MERTK	10461
Complement system in neuronal development and plasticity	WP5090	ATP8B2	57198
Complement system in neuronal development and plasticity	WP5090	CLU	1191
Complement system in neuronal development and plasticity	WP5090	C8G	733
Complement system in neuronal development and plasticity	WP5090	CFD	1675
Complement system in neuronal development and plasticity	WP5090	C4BPB	725
Complement system in neuronal development and plasticity	WP5090	PLSCR3	57048
Complement system in neuronal development and plasticity	WP5090	C8A	731
Complement system in neuronal development and plasticity	WP5090	TGFB1	7040
Complement system in neuronal development and plasticity	WP5090	SCRIB	23513
Complement system in neuronal development and plasticity	WP5090	C3AR1	719
Complement system in neuronal development and plasticity	WP5090	CYCS	54205
Complement system in neuronal development and plasticity	WP5090	PLSCR4	57088
Complement system in neuronal development and plasticity	WP5090	CFH	3075
Complement system in neuronal development and plasticity	WP5090	CRB2	286204
Complement system in neuronal development and plasticity	WP5090	C1R	715
Complement system in neuronal development and plasticity	WP5090	ITGAV	3685
Complement system in neuronal development and plasticity	WP5090	CASP9	842
Complement system in neuronal development and plasticity	WP5090	C6	729
Complement system in neuronal development and plasticity	WP5090	AXL	558
Complement system in neuronal development and plasticity	WP5090	ATP8B1	5205
Complement system in neuronal development and plasticity	WP5090	CASP8	841
Complement system in neuronal development and plasticity	WP5090	TGFB3	7043
Complement system in neuronal development and plasticity	WP5090	MFGE8	4240
Complement system in neuronal development and plasticity	WP5090	C5AR1	728
Complement system in neuronal development and plasticity	WP5090	CSMD1	64478
Complement system in neuronal development and plasticity	WP5090	APAF1	317
Complement system in neuronal development and plasticity	WP5090	CR1	1378
Complement system in neuronal development and plasticity	WP5090	GAS6	2621
Complement system in neuronal development and plasticity	WP5090	MASP1	5648
Complement system in neuronal development and plasticity	WP5090	CFB	629
Complement system in neuronal development and plasticity	WP5090	PLSCR1	5359
Complement system in neuronal development and plasticity	WP5090	MARK1	4139
Complement system in neuronal development and plasticity	WP5090	VTN	7448
Complement system in neuronal development and plasticity	WP5090	HTRA2	27429
Complement system in neuronal development and plasticity	WP5090	MBP	4155
Complement system in neuronal development and plasticity	WP5090	C8B	732
Kinin-Kallikrein pathway	WP5089	F12	2161
Kinin-Kallikrein pathway	WP5089	SERPING1	710
Kinin-Kallikrein pathway	WP5089	CPN1	1369
Kinin-Kallikrein pathway	WP5089	BDKRB2	624
Kinin-Kallikrein pathway	WP5089	KNG1	3827
Kinin-Kallikrein pathway	WP5089	BDKRB1	623
Kinin-Kallikrein pathway	WP5089	KLKB1	3818
Overview of proinflammatory and profibrotic mediators	WP5095	IFNA5	3442
Overview of proinflammatory and profibrotic mediators	WP5095	IL3	3562
Overview of proinflammatory and profibrotic mediators	WP5095	CX3CL1	6376
Overview of proinflammatory and profibrotic mediators	WP5095	IFNA13	3447
Overview of proinflammatory and profibrotic mediators	WP5095	IL33	90865
Overview of proinflammatory and profibrotic mediators	WP5095	IFNK	56832
Overview of proinflammatory and profibrotic mediators	WP5095	VEGFA	7422
Overview of proinflammatory and profibrotic mediators	WP5095	IL12B	3593
Overview of proinflammatory and profibrotic mediators	WP5095	IL5	3567
Overview of proinflammatory and profibrotic mediators	WP5095	IL15	3600
Overview of proinflammatory and profibrotic mediators	WP5095	CSF3	1440
Overview of proinflammatory and profibrotic mediators	WP5095	CSF1	1435
Overview of proinflammatory and profibrotic mediators	WP5095	AREG	374
Overview of proinflammatory and profibrotic mediators	WP5095	CTF1	1489
Overview of proinflammatory and profibrotic mediators	WP5095	IFNA1	3439
Overview of proinflammatory and profibrotic mediators	WP5095	CNTF	1270
Overview of proinflammatory and profibrotic mediators	WP5095	CCL15	6359
Overview of proinflammatory and profibrotic mediators	WP5095	IL36B	27177
Overview of proinflammatory and profibrotic mediators	WP5095	IFNW1	3467
Overview of proinflammatory and profibrotic mediators	WP5095	IL36RN	26525
Overview of proinflammatory and profibrotic mediators	WP5095	CCL2	6347
Overview of proinflammatory and profibrotic mediators	WP5095	CXCL6	6372
Overview of proinflammatory and profibrotic mediators	WP5095	IFNA17	3451
Overview of proinflammatory and profibrotic mediators	WP5095	CXCL3	2921
Overview of proinflammatory and profibrotic mediators	WP5095	IL1F10	84639
Overview of proinflammatory and profibrotic mediators	WP5095	IFNA14	3448
Overview of proinflammatory and profibrotic mediators	WP5095	IL12A	3592
Overview of proinflammatory and profibrotic mediators	WP5095	IFNA7	3444
Overview of proinflammatory and profibrotic mediators	WP5095	CSF2	1437
Overview of proinflammatory and profibrotic mediators	WP5095	IFNA10	3446
Overview of proinflammatory and profibrotic mediators	WP5095	IFNB1	3456
Overview of proinflammatory and profibrotic mediators	WP5095	MMP1	4312
Overview of proinflammatory and profibrotic mediators	WP5095	IL20	50604
Overview of proinflammatory and profibrotic mediators	WP5095	PPBP	5473
Overview of proinflammatory and profibrotic mediators	WP5095	TGFB1	7040
Overview of proinflammatory and profibrotic mediators	WP5095	IL7	3574
Overview of proinflammatory and profibrotic mediators	WP5095	CCL19	6363
Overview of proinflammatory and profibrotic mediators	WP5095	CCL17	6361
Overview of proinflammatory and profibrotic mediators	WP5095	CCL20	6364
Overview of proinflammatory and profibrotic mediators	WP5095	TNFSF13B	10673
Overview of proinflammatory and profibrotic mediators	WP5095	IL2	3558
Overview of proinflammatory and profibrotic mediators	WP5095	CCL22	6367
Overview of proinflammatory and profibrotic mediators	WP5095	EPO	2056
Overview of proinflammatory and profibrotic mediators	WP5095	IFNA21	3452
Overview of proinflammatory and profibrotic mediators	WP5095	IL17A	3605
Overview of proinflammatory and profibrotic mediators	WP5095	IFNL1	282618
Overview of proinflammatory and profibrotic mediators	WP5095	IFNA6	3443
Overview of proinflammatory and profibrotic mediators	WP5095	CCL25	6370
Overview of proinflammatory and profibrotic mediators	WP5095	CCL28	56477
Overview of proinflammatory and profibrotic mediators	WP5095	SPP1	6696
Overview of proinflammatory and profibrotic mediators	WP5095	IL23A	51561
Overview of proinflammatory and profibrotic mediators	WP5095	CCL3	6348
Overview of proinflammatory and profibrotic mediators	WP5095	EBI3	10148
Overview of proinflammatory and profibrotic mediators	WP5095	IL26	55801
Overview of proinflammatory and profibrotic mediators	WP5095	IL19	29949
Overview of proinflammatory and profibrotic mediators	WP5095	IFNL2	282616
Overview of proinflammatory and profibrotic mediators	WP5095	CCL16	6360
Overview of proinflammatory and profibrotic mediators	WP5095	IL11	3589
Overview of proinflammatory and profibrotic mediators	WP5095	CCL1	6346
Overview of proinflammatory and profibrotic mediators	WP5095	IL36A	27179
Overview of proinflammatory and profibrotic mediators	WP5095	IL24	11009
Overview of proinflammatory and profibrotic mediators	WP5095	TSLP	85480
Overview of proinflammatory and profibrotic mediators	WP5095	CCL8	6355
Overview of proinflammatory and profibrotic mediators	WP5095	IL22	50616
Overview of proinflammatory and profibrotic mediators	WP5095	CXCL17	284340
Overview of proinflammatory and profibrotic mediators	WP5095	CXCL13	10563
Overview of proinflammatory and profibrotic mediators	WP5095	IL18	3606
Overview of proinflammatory and profibrotic mediators	WP5095	CCL26	10344
Overview of proinflammatory and profibrotic mediators	WP5095	IL17F	112744
Overview of proinflammatory and profibrotic mediators	WP5095	IFNA2	3440
Overview of proinflammatory and profibrotic mediators	WP5095	IL4	3565
Overview of proinflammatory and profibrotic mediators	WP5095	IL13	3596
Overview of proinflammatory and profibrotic mediators	WP5095	LTA	4049
Overview of proinflammatory and profibrotic mediators	WP5095	CCL14	6358
Overview of proinflammatory and profibrotic mediators	WP5095	CCL3L3	414062
Overview of proinflammatory and profibrotic mediators	WP5095	XCL2	6846
Overview of proinflammatory and profibrotic mediators	WP5095	IL17B	27190
Overview of proinflammatory and profibrotic mediators	WP5095	CXCL1	2919
Overview of proinflammatory and profibrotic mediators	WP5095	MMP9	4318
Overview of proinflammatory and profibrotic mediators	WP5095	MMP3	4314
Overview of proinflammatory and profibrotic mediators	WP5095	IL1RN	3557
Overview of proinflammatory and profibrotic mediators	WP5095	XCL1	6375
Overview of proinflammatory and profibrotic mediators	WP5095	IL31	386653
Overview of proinflammatory and profibrotic mediators	WP5095	CXCL10	3627
Overview of proinflammatory and profibrotic mediators	WP5095	PF4V1	5197
Overview of proinflammatory and profibrotic mediators	WP5095	CXCL11	6373
Overview of proinflammatory and profibrotic mediators	WP5095	TNF	7124
Overview of proinflammatory and profibrotic mediators	WP5095	IL37	27178
Overview of proinflammatory and profibrotic mediators	WP5095	CXCL16	58191
Overview of proinflammatory and profibrotic mediators	WP5095	IFNL3	282617
Overview of proinflammatory and profibrotic mediators	WP5095	IL17C	27189
Overview of proinflammatory and profibrotic mediators	WP5095	PF4	5196
Overview of proinflammatory and profibrotic mediators	WP5095	CCL23	6368
Overview of proinflammatory and profibrotic mediators	WP5095	CCL21	6366
Overview of proinflammatory and profibrotic mediators	WP5095	IL17D	53342
Overview of proinflammatory and profibrotic mediators	WP5095	IL27	246778
Overview of proinflammatory and profibrotic mediators	WP5095	IFNA16	3449
Overview of proinflammatory and profibrotic mediators	WP5095	IL1A	3552
Overview of proinflammatory and profibrotic mediators	WP5095	IFNA4	3441
Overview of proinflammatory and profibrotic mediators	WP5095	CCL2	6347
Overview of proinflammatory and profibrotic mediators	WP5095	IL12A	3592
Overview of proinflammatory and profibrotic mediators	WP5095	IL1B	3553
Overview of proinflammatory and profibrotic mediators	WP5095	CXCL12	6387
Overview of proinflammatory and profibrotic mediators	WP5095	CXCL9	4283
Overview of proinflammatory and profibrotic mediators	WP5095	IL6	3569
Overview of proinflammatory and profibrotic mediators	WP5095	IL25	64806
Overview of proinflammatory and profibrotic mediators	WP5095	IL36G	56300
Overview of proinflammatory and profibrotic mediators	WP5095	CXCL8	3576
Overview of proinflammatory and profibrotic mediators	WP5095	IFNG	3458
Overview of proinflammatory and profibrotic mediators	WP5095	IFNA8	3445
Overview of proinflammatory and profibrotic mediators	WP5095	CCL5	6352
Overview of proinflammatory and profibrotic mediators	WP5095	TNFSF13	8741
Overview of proinflammatory and profibrotic mediators	WP5095	CCL7	6354
Overview of proinflammatory and profibrotic mediators	WP5095	NFKB1	4790
Overview of proinflammatory and profibrotic mediators	WP5095	CCL11	6356
Overview of proinflammatory and profibrotic mediators	WP5095	CXCL5	6374
Overview of proinflammatory and profibrotic mediators	WP5095	OSM	5008
Overview of proinflammatory and profibrotic mediators	WP5095	CXCL2	2920
Overview of proinflammatory and profibrotic mediators	WP5095	CCL4	6351
Overview of proinflammatory and profibrotic mediators	WP5095	CCL18	6362
Overview of proinflammatory and profibrotic mediators	WP5095	IL10	3586
Overview of proinflammatory and profibrotic mediators	WP5095	CXCL14	9547
Overview of proinflammatory and profibrotic mediators	WP5095	CCL13	6357
Overview of proinflammatory and profibrotic mediators	WP5095	CCL24	6369
Overview of proinflammatory and profibrotic mediators	WP5095	CCL4L2	388372
Overview of proinflammatory and profibrotic mediators	WP5095	IL9	3578
Overview of proinflammatory and profibrotic mediators	WP5095	IL21	59067
Overview of proinflammatory and profibrotic mediators	WP5095	IL22	50616
Overview of proinflammatory and profibrotic mediators	WP5095	LIF	3976
Homologous Recombination	WP5096	POLD1	5424
Homologous Recombination	WP5096	RAD51	5888
Homologous Recombination	WP5096	TOP3A	7156
Homologous Recombination	WP5096	BRCC3	79184
Homologous Recombination	WP5096	PALB2	79728
Homologous Recombination	WP5096	SEM1	7979
Homologous Recombination	WP5096	BRCA2	675
Homologous Recombination	WP5096	BRIP1	83990
Homologous Recombination	WP5096	ATM	472
Homologous Recombination	WP5096	BABAM2	9577
Homologous Recombination	WP5096	MRE11	4361
Homologous Recombination	WP5096	BLM	641
Homologous Recombination	WP5096	ABRAXAS1	84142
Homologous Recombination	WP5096	NBN	4683
Homologous Recombination	WP5096	UIMC1	51720
Homologous Recombination	WP5096	MUS81	80198
Homologous Recombination	WP5096	BARD1	580
Homologous Recombination	WP5096	EME1	146956
Homologous Recombination	WP5096	RAD50	10111
Homologous Recombination	WP5096	RBBP8	5932
Homologous Recombination	WP5096	RPA1	6117
Homologous Recombination	WP5096	BABAM1	29086
Homologous Recombination	WP5096	RAD52	5893
Homologous Recombination	WP5096	SSB	6741
Homologous Recombination	WP5096	TOPBP1	11073
Homologous Recombination	WP5096	RAD54L	8438
Homologous Recombination	WP5096	BRCA1	672
Homologous Recombination	WP5096	SYCP3	50511
Prostaglandin signaling	WP5088	IL1B	3553
Prostaglandin signaling	WP5088	CXCL9	4283
Prostaglandin signaling	WP5088	IL6	3569
Prostaglandin signaling	WP5088	AHR	196
Prostaglandin signaling	WP5088	CASP1	834
Prostaglandin signaling	WP5088	IL17F	112744
Prostaglandin signaling	WP5088	IFNG	3458
Prostaglandin signaling	WP5088	CXCL8	3576
Prostaglandin signaling	WP5088	VEGFA	7422
Prostaglandin signaling	WP5088	CCR2	729230
Prostaglandin signaling	WP5088	PTGER2	5732
Prostaglandin signaling	WP5088	IL17A	3605
Prostaglandin signaling	WP5088	CSF1	1435
Prostaglandin signaling	WP5088	CXCL1	2919
Prostaglandin signaling	WP5088	AREG	374
Prostaglandin signaling	WP5088	MMP9	4318
Prostaglandin signaling	WP5088	IFNA1	3439
Prostaglandin signaling	WP5088	CCL3	6348
Prostaglandin signaling	WP5088	CD28	940
Prostaglandin signaling	WP5088	KLRD1	3824
Prostaglandin signaling	WP5088	CXCL10	3627
Prostaglandin signaling	WP5088	CCL2	6347
Prostaglandin signaling	WP5088	TNF	7124
Prostaglandin signaling	WP5088	NLRP3	114548
Prostaglandin signaling	WP5088	NFKB1	4790
Prostaglandin signaling	WP5088	PIK3CG	5294
Prostaglandin signaling	WP5088	PTGER4	5734
Prostaglandin signaling	WP5088	IL1A	3552
Prostaglandin signaling	WP5088	TGFB1	7040
Prostaglandin signaling	WP5088	PTGER2	5732
Prostaglandin signaling	WP5088	IL12A	3592
Prostaglandin signaling	WP5088	PYCARD	29108
Prostaglandin signaling	WP5088	IRF7	3665
Prostaglandin signaling	WP5088	PTGES	9536
Neuroinflammation and glutamatergic signaling	WP5083	GRM2	2912
Neuroinflammation and glutamatergic signaling	WP5083	NGF	4803
Neuroinflammation and glutamatergic signaling	WP5083	NFKB2	4791
Neuroinflammation and glutamatergic signaling	WP5083	TRPM4	54795
Neuroinflammation and glutamatergic signaling	WP5083	GRIA1	2890
Neuroinflammation and glutamatergic signaling	WP5083	IGF1	3479
Neuroinflammation and glutamatergic signaling	WP5083	ADCY8	114
Neuroinflammation and glutamatergic signaling	WP5083	GOT1	2805
Neuroinflammation and glutamatergic signaling	WP5083	IL10	3586
Neuroinflammation and glutamatergic signaling	WP5083	TGFB2	7042
Neuroinflammation and glutamatergic signaling	WP5083	SMAD4	4089
Neuroinflammation and glutamatergic signaling	WP5083	SRR	63826
Neuroinflammation and glutamatergic signaling	WP5083	PSAT1	29968
Neuroinflammation and glutamatergic signaling	WP5083	SLC38A2	54407
Neuroinflammation and glutamatergic signaling	WP5083	GRIN1	2902
Neuroinflammation and glutamatergic signaling	WP5083	IL12A	3592
Neuroinflammation and glutamatergic signaling	WP5083	PLCB2	5330
Neuroinflammation and glutamatergic signaling	WP5083	IL13	3596
Neuroinflammation and glutamatergic signaling	WP5083	IL1R1	3554
Neuroinflammation and glutamatergic signaling	WP5083	SLC2A3	6515
Neuroinflammation and glutamatergic signaling	WP5083	LRRC8E	80131
Neuroinflammation and glutamatergic signaling	WP5083	TGFBR2	7048
Neuroinflammation and glutamatergic signaling	WP5083	PLCB3	5331
Neuroinflammation and glutamatergic signaling	WP5083	LIF	3976
Neuroinflammation and glutamatergic signaling	WP5083	PPP1CB	5500
Neuroinflammation and glutamatergic signaling	WP5083	IL12B	3593
Neuroinflammation and glutamatergic signaling	WP5083	SOCS3	9021
Neuroinflammation and glutamatergic signaling	WP5083	IFNG	3458
Neuroinflammation and glutamatergic signaling	WP5083	SLC2A1	6513
Neuroinflammation and glutamatergic signaling	WP5083	TGFBR1	7046
Neuroinflammation and glutamatergic signaling	WP5083	FOS	2353
Neuroinflammation and glutamatergic signaling	WP5083	PPP1CC	5501
Neuroinflammation and glutamatergic signaling	WP5083	CAMK2A	815
Neuroinflammation and glutamatergic signaling	WP5083	SLC1A4	6509
Neuroinflammation and glutamatergic signaling	WP5083	GRIN3B	116444
Neuroinflammation and glutamatergic signaling	WP5083	GRM8	2918
Neuroinflammation and glutamatergic signaling	WP5083	TNF	7124
Neuroinflammation and glutamatergic signaling	WP5083	GRIN2B	2904
Neuroinflammation and glutamatergic signaling	WP5083	PHGDH	26227
Neuroinflammation and glutamatergic signaling	WP5083	SLC1A2	6506
Neuroinflammation and glutamatergic signaling	WP5083	GLUL	2752
Neuroinflammation and glutamatergic signaling	WP5083	GRIN2A	2903
Neuroinflammation and glutamatergic signaling	WP5083	SHMT2	6472
Neuroinflammation and glutamatergic signaling	WP5083	CAMKK1	84254
Neuroinflammation and glutamatergic signaling	WP5083	IL10RB	3588
Neuroinflammation and glutamatergic signaling	WP5083	SLC17A6	57084
Neuroinflammation and glutamatergic signaling	WP5083	SLC1A3	6507
Neuroinflammation and glutamatergic signaling	WP5083	DLD	1738
Neuroinflammation and glutamatergic signaling	WP5083	GRIN3A	116443
Neuroinflammation and glutamatergic signaling	WP5083	STAT3	6774
Neuroinflammation and glutamatergic signaling	WP5083	ADCY3	109
Neuroinflammation and glutamatergic signaling	WP5083	TNFRSF1B	7133
Neuroinflammation and glutamatergic signaling	WP5083	CALM1	801
Neuroinflammation and glutamatergic signaling	WP5083	IL6ST	3572
Neuroinflammation and glutamatergic signaling	WP5083	TNFRSF1A	7132
Neuroinflammation and glutamatergic signaling	WP5083	STAT6	6778
Neuroinflammation and glutamatergic signaling	WP5083	GRIK3	2899
Neuroinflammation and glutamatergic signaling	WP5083	PRKCB	5579
Neuroinflammation and glutamatergic signaling	WP5083	GRM4	2914
Neuroinflammation and glutamatergic signaling	WP5083	PLCB1	23236
Neuroinflammation and glutamatergic signaling	WP5083	AKT1	207
Neuroinflammation and glutamatergic signaling	WP5083	ADCY1	107
Neuroinflammation and glutamatergic signaling	WP5083	GRIK4	2900
Neuroinflammation and glutamatergic signaling	WP5083	LRRC8B	23507
Neuroinflammation and glutamatergic signaling	WP5083	GFAP	2670
Neuroinflammation and glutamatergic signaling	WP5083	NOS1	4842
Neuroinflammation and glutamatergic signaling	WP5083	FGF2	2247
Neuroinflammation and glutamatergic signaling	WP5083	GRM5	2915
Neuroinflammation and glutamatergic signaling	WP5083	GRIN2C	2905
Neuroinflammation and glutamatergic signaling	WP5083	MAPK1	5594
Neuroinflammation and glutamatergic signaling	WP5083	LRRC8C	84230
Neuroinflammation and glutamatergic signaling	WP5083	IRS1	3667
Neuroinflammation and glutamatergic signaling	WP5083	CAMK2D	817
Neuroinflammation and glutamatergic signaling	WP5083	DLAT	1737
Neuroinflammation and glutamatergic signaling	WP5083	GRIA3	2892
Neuroinflammation and glutamatergic signaling	WP5083	PRKCA	5578
Neuroinflammation and glutamatergic signaling	WP5083	TRAF5	7188
Neuroinflammation and glutamatergic signaling	WP5083	SLC1A1	6505
Neuroinflammation and glutamatergic signaling	WP5083	NSMF	26012
Neuroinflammation and glutamatergic signaling	WP5083	DISC1	27185
Neuroinflammation and glutamatergic signaling	WP5083	GLS	2744
Neuroinflammation and glutamatergic signaling	WP5083	BCL2	596
Neuroinflammation and glutamatergic signaling	WP5083	MAPK3	5595
Neuroinflammation and glutamatergic signaling	WP5083	IL1B	3553
Neuroinflammation and glutamatergic signaling	WP5083	SLC1A6	6511
Neuroinflammation and glutamatergic signaling	WP5083	SLC7A10	56301
Neuroinflammation and glutamatergic signaling	WP5083	CAMK4	814
Neuroinflammation and glutamatergic signaling	WP5083	IL1A	3552
Neuroinflammation and glutamatergic signaling	WP5083	SMAD2	4087
Neuroinflammation and glutamatergic signaling	WP5083	SLC17A7	57030
Neuroinflammation and glutamatergic signaling	WP5083	GLS2	27165
Neuroinflammation and glutamatergic signaling	WP5083	SHMT1	6470
Neuroinflammation and glutamatergic signaling	WP5083	CFL1	1072
Neuroinflammation and glutamatergic signaling	WP5083	LTA	4049
Neuroinflammation and glutamatergic signaling	WP5083	CREB1	1385
Neuroinflammation and glutamatergic signaling	WP5083	PPP1CA	5499
Neuroinflammation and glutamatergic signaling	WP5083	TGFBR3	7049
Neuroinflammation and glutamatergic signaling	WP5083	GRIK2	2898
Neuroinflammation and glutamatergic signaling	WP5083	IFNGR2	3460
Neuroinflammation and glutamatergic signaling	WP5083	CAMK2B	816
Neuroinflammation and glutamatergic signaling	WP5083	IL13RA1	3597
Neuroinflammation and glutamatergic signaling	WP5083	TGFB1	7040
Neuroinflammation and glutamatergic signaling	WP5083	IFNGR1	3459
Neuroinflammation and glutamatergic signaling	WP5083	IL4	3565
Neuroinflammation and glutamatergic signaling	WP5083	GRM7	2917
Neuroinflammation and glutamatergic signaling	WP5083	BDNF	627
Neuroinflammation and glutamatergic signaling	WP5083	PDHA1	5160
Neuroinflammation and glutamatergic signaling	WP5083	PRKACA	5566
Neuroinflammation and glutamatergic signaling	WP5083	SLC38A3	10991
Neuroinflammation and glutamatergic signaling	WP5083	JAK1	3716
Neuroinflammation and glutamatergic signaling	WP5083	GRIA2	2891
Neuroinflammation and glutamatergic signaling	WP5083	IL6	3569
Neuroinflammation and glutamatergic signaling	WP5083	GRIN2D	2906
Neuroinflammation and glutamatergic signaling	WP5083	CAMKK2	10645
Neuroinflammation and glutamatergic signaling	WP5083	CAMK2G	818
Neuroinflammation and glutamatergic signaling	WP5083	SLC6A9	6536
Neuroinflammation and glutamatergic signaling	WP5083	INSR	3643
Neuroinflammation and glutamatergic signaling	WP5083	TGFB3	7043
Neuroinflammation and glutamatergic signaling	WP5083	IL6R	3570
Neuroinflammation and glutamatergic signaling	WP5083	LRRC8D	55144
Neuroinflammation and glutamatergic signaling	WP5083	GRIK5	2901
Neuroinflammation and glutamatergic signaling	WP5083	NFKB1	4790
Neuroinflammation and glutamatergic signaling	WP5083	SLC38A5	92745
Neuroinflammation and glutamatergic signaling	WP5083	IL4R	3566
Neuroinflammation and glutamatergic signaling	WP5083	PRKCG	5582
Neuroinflammation and glutamatergic signaling	WP5083	IL1R2	7850
Neuroinflammation and glutamatergic signaling	WP5083	SLC38A1	81539
Neuroinflammation and glutamatergic signaling	WP5083	STAT1	6772
Neuroinflammation and glutamatergic signaling	WP5083	SMAD3	4088
Neuroinflammation and glutamatergic signaling	WP5083	GRIK1	2897
Neuroinflammation and glutamatergic signaling	WP5083	PLCB4	5332
Neuroinflammation and glutamatergic signaling	WP5083	SMAD7	4092
Neuroinflammation and glutamatergic signaling	WP5083	DAO	1610
Neuroinflammation and glutamatergic signaling	WP5083	LRRC8A	56262
Neuroinflammation and glutamatergic signaling	WP5083	GRIA4	2893
Neuroinflammation and glutamatergic signaling	WP5083	GRM1	2911
Neuroinflammation and glutamatergic signaling	WP5083	CNTF	1270
Neuroinflammation and glutamatergic signaling	WP5083	ARC	23237
Neuroinflammation and glutamatergic signaling	WP5083	PSPH	5723
Neuroinflammation and glutamatergic signaling	WP5083	IL10RA	3587
Angiotensin II receptor type 1 pathway	WP5036	TGFBR1	7046
Angiotensin II receptor type 1 pathway	WP5036	RACK1	10399
Angiotensin II receptor type 1 pathway	WP5036	TGFB1	7040
Angiotensin II receptor type 1 pathway	WP5036	COL1A2	1278
Angiotensin II receptor type 1 pathway	WP5036	NOX4	50507
Angiotensin II receptor type 1 pathway	WP5036	MAS1	4142
Angiotensin II receptor type 1 pathway	WP5036	TGFBR2	7048
Angiotensin II receptor type 1 pathway	WP5036	ACTA2	59
Angiotensin II receptor type 1 pathway	WP5036	AGT	183
Angiotensin II receptor type 1 pathway	WP5036	RAF1	5894
Angiotensin II receptor type 1 pathway	WP5036	PTPN11	5781
Angiotensin II receptor type 1 pathway	WP5036	F12	2161
Angiotensin II receptor type 1 pathway	WP5036	SMAD3	4088
Angiotensin II receptor type 1 pathway	WP5036	JUND	3727
Angiotensin II receptor type 1 pathway	WP5036	IL11RA	3590
Angiotensin II receptor type 1 pathway	WP5036	IL11	3589
Angiotensin II receptor type 1 pathway	WP5036	RRAS	6237
Angiotensin II receptor type 1 pathway	WP5036	AGTR1	185
Angiotensin II receptor type 1 pathway	WP5036	MAP2K6	5608
Angiotensin II receptor type 1 pathway	WP5036	SP1	6667
Angiotensin II receptor type 1 pathway	WP5036	COL1A1	1277
Angiotensin II receptor type 1 pathway	WP5036	IL6ST	3572
Angiotensin II receptor type 1 pathway	WP5036	ACE2	59272
Angiotensin II receptor type 1 pathway	WP5036	SMAD4	4089
Angiotensin II receptor type 1 pathway	WP5036	MAPK1	5594
Angiotensin II receptor type 1 pathway	WP5036	PDGFD	80310
Angiotensin II receptor type 1 pathway	WP5036	HIF1A	3091
Angiotensin II receptor type 1 pathway	WP5036	CTGF	1490
Malignant pleural mesothelioma	WP5087	AGER	177
Malignant pleural mesothelioma	WP5087	PDK1	5163
Malignant pleural mesothelioma	WP5087	FOSL1	8061
Malignant pleural mesothelioma	WP5087	MLKL	197259
Malignant pleural mesothelioma	WP5087	MAPK14	1432
Malignant pleural mesothelioma	WP5087	GSK3A	2931
Malignant pleural mesothelioma	WP5087	MAPK8	5599
Malignant pleural mesothelioma	WP5087	SFRP1	6422
Malignant pleural mesothelioma	WP5087	GRB2	2885
Malignant pleural mesothelioma	WP5087	VEGFA	7422
Malignant pleural mesothelioma	WP5087	AXIN2	8313
Malignant pleural mesothelioma	WP5087	MST1	4485
Malignant pleural mesothelioma	WP5087	ATG13	9776
Malignant pleural mesothelioma	WP5087	PAK1	5058
Malignant pleural mesothelioma	WP5087	SOS1	6654
Malignant pleural mesothelioma	WP5087	E2F1	1869
Malignant pleural mesothelioma	WP5087	TP53	7157
Malignant pleural mesothelioma	WP5087	CDKN1A	1026
Malignant pleural mesothelioma	WP5087	TCF7	6932
Malignant pleural mesothelioma	WP5087	MDM2	4193
Malignant pleural mesothelioma	WP5087	CDK7	1022
Malignant pleural mesothelioma	WP5087	MAP2K5	5607
Malignant pleural mesothelioma	WP5087	NF2	4771
Malignant pleural mesothelioma	WP5087	ULK1	8408
Malignant pleural mesothelioma	WP5087	NLRP3	114548
Malignant pleural mesothelioma	WP5087	NFKB1	4790
Malignant pleural mesothelioma	WP5087	MDK	4192
Malignant pleural mesothelioma	WP5087	EIF4G1	1981
Malignant pleural mesothelioma	WP5087	CDK4	1019
Malignant pleural mesothelioma	WP5087	TAZ	6901
Malignant pleural mesothelioma	WP5087	APC	324
Malignant pleural mesothelioma	WP5087	PTEN	5728
Malignant pleural mesothelioma	WP5087	BAK1	578
Malignant pleural mesothelioma	WP5087	TELO2	9894
Malignant pleural mesothelioma	WP5087	YAP1	10413
Malignant pleural mesothelioma	WP5087	DKK1	22943
Malignant pleural mesothelioma	WP5087	TSC1	7248
Malignant pleural mesothelioma	WP5087	FOXO1	2308
Malignant pleural mesothelioma	WP5087	MAP3K1	4214
Malignant pleural mesothelioma	WP5087	AKT1S1	84335
Malignant pleural mesothelioma	WP5087	CUL1	8454
Malignant pleural mesothelioma	WP5087	BTRC	8945
Malignant pleural mesothelioma	WP5087	SAV1	60485
Malignant pleural mesothelioma	WP5087	RPS6KA2	6196
Malignant pleural mesothelioma	WP5087	BECN1	8678
Malignant pleural mesothelioma	WP5087	RABGEF1	27342
Malignant pleural mesothelioma	WP5087	PTK2	5747
Malignant pleural mesothelioma	WP5087	RPS6KA5	9252
Malignant pleural mesothelioma	WP5087	WWC1	23286
Malignant pleural mesothelioma	WP5087	RICTOR	253260
Malignant pleural mesothelioma	WP5087	AMOT	154796
Malignant pleural mesothelioma	WP5087	MKNK1	8569
Malignant pleural mesothelioma	WP5087	BAP1	8314
Malignant pleural mesothelioma	WP5087	DEPTOR	64798
Malignant pleural mesothelioma	WP5087	RPTOR	57521
Malignant pleural mesothelioma	WP5087	AJUBA	84962
Malignant pleural mesothelioma	WP5087	MAPKAP1	79109
Malignant pleural mesothelioma	WP5087	MAPK1	5594
Malignant pleural mesothelioma	WP5087	LATS1	9113
Malignant pleural mesothelioma	WP5087	CASP1	834
Malignant pleural mesothelioma	WP5087	EIF4EBP1	1978
Malignant pleural mesothelioma	WP5087	HRAS	3265
Malignant pleural mesothelioma	WP5087	WDR5	11091
Malignant pleural mesothelioma	WP5087	MAPK3	5595
Malignant pleural mesothelioma	WP5087	SRC	6714
Malignant pleural mesothelioma	WP5087	RAF1	5894
Malignant pleural mesothelioma	WP5087	RPS6	6194
Malignant pleural mesothelioma	WP5087	ATM	472
Malignant pleural mesothelioma	WP5087	SHC1	6464
Malignant pleural mesothelioma	WP5087	MMP9	4318
Malignant pleural mesothelioma	WP5087	DVL1	1855
Malignant pleural mesothelioma	WP5087	MAP2K3	5606
Malignant pleural mesothelioma	WP5087	STAT1	6772
Malignant pleural mesothelioma	WP5087	PRB1	5542
Malignant pleural mesothelioma	WP5087	JUN	3725
Malignant pleural mesothelioma	WP5087	CCNE1	898
Malignant pleural mesothelioma	WP5087	MLST8	64223
Malignant pleural mesothelioma	WP5087	TTI1	9675
Malignant pleural mesothelioma	WP5087	RB1CC1	9821
Malignant pleural mesothelioma	WP5087	MCL1	4170
Malignant pleural mesothelioma	WP5087	TSC2	7249
Malignant pleural mesothelioma	WP5087	LRP1	4035
Malignant pleural mesothelioma	WP5087	HIF1A	3091
Malignant pleural mesothelioma	WP5087	BBC3	27113
Malignant pleural mesothelioma	WP5087	TEAD1	7003
Malignant pleural mesothelioma	WP5087	BCL2	596
Malignant pleural mesothelioma	WP5087	AKT1	207
Malignant pleural mesothelioma	WP5087	IL1B	3553
Malignant pleural mesothelioma	WP5087	BRSK1	84446
Malignant pleural mesothelioma	WP5087	RHEB	6009
Malignant pleural mesothelioma	WP5087	CCND1	595
Malignant pleural mesothelioma	WP5087	BAX	581
Malignant pleural mesothelioma	WP5087	MAP2K4	6416
Malignant pleural mesothelioma	WP5087	LEF1	51176
Malignant pleural mesothelioma	WP5087	PIGF	5281
Malignant pleural mesothelioma	WP5087	MMP2	4313
Malignant pleural mesothelioma	WP5087	MAPK7	5598
Malignant pleural mesothelioma	WP5087	FZD1	8321
Malignant pleural mesothelioma	WP5087	CDKN2A	1029
Malignant pleural mesothelioma	WP5087	HMGB1	3146
Malignant pleural mesothelioma	WP5087	JAK1	3716
Malignant pleural mesothelioma	WP5087	CTNNBL1	56259
Malignant pleural mesothelioma	WP5087	MAP2K1	5604
Malignant pleural mesothelioma	WP5087	PDGFA	5154
Malignant pleural mesothelioma	WP5087	PASK	23178
Malignant pleural mesothelioma	WP5087	RASA1	5921
Malignant pleural mesothelioma	WP5087	CDK2	1017
Malignant pleural mesothelioma	WP5087	PIK3CA	5290
Malignant pleural mesothelioma	WP5087	MTOR	2475
